<?xml version="1.0" encoding="UTF-8"?>
<beans xmlns="http://www.springframework.org/schema/beans"
	xmlns:xsi="http://www.w3.org/2001/XMLSchema-instance"
	xmlns:p="http://www.springframework.org/schema/p"
	xmlns:aop="http://www.springframework.org/schema/aop"
	xsi:schemaLocation="http://www.springframework.org/schema/aop http://www.springframework.org/schema/aop/spring-aop-3.1.xsd
		http://www.springframework.org/schema/beans http://www.springframework.org/schema/beans/spring-beans-3.1.xsd">

	<bean id="dao" class="cn.bdqn.dao.DaoImpl"></bean>
	<bean id="sys" class="cn.bdqn.dao.BeforerDo"></bean>
	<bean id="mbd" class="cn.bdqn.dao.MustDoBeforer"></bean>
<!-- 	<aop:aspectj-autoproxy></aop:aspectj-autoproxy> -->
	<aop:config>
		<aop:pointcut expression="execution(public * cn.bdqn.dao.*.*(..))" id="pit"/>
<!-- 		<aop:aspect ref="sys">
			<aop:before method="charu" pointcut-ref="pit" />
		 	<aop:after method="jiesu" pointcut-ref="pit"/>
		 	<aop:around method="weirao" pointcut-ref="pit"/>  
			<aop:after-throwing method="yichang" pointcut-ref="pit" throwing="ex"/>
			<aop:after-returning method="jiesufanhui" pointcut-ref="pit" returning="value"/>
		</aop:aspect> -->
		<aop:advisor advice-ref="mbd" pointcut-ref="pit" ></aop:advisor>
	</aop:config>

</beans>